{
    "precision_weighted": 0.995887924893836,
    "recall_weighted": 0.9862592425308474,
    "f1_score_weighted": 0.9900472928787851,
    "roc_auc": 0.9710209674992178,
    "pr_auc": 0.8911067669395276,
    "confusion_matrix": [
        [
            545351,
            7473
        ],
        [
            163,
            2732
        ]
    ]
}